{"cameraMode":{"drawMode":0,"name":"Shaded","section":"Shading Mode"},"sceneLighting":false,"audioPlay":false,"sceneViewState":{"m_AlwaysRefresh":false,"showFog":true,"showSkybox":false,"showFlares":true,"showImageEffects":true,"showParticleSystems":true,"showVisualEffectGraphs":true,"m_FxEnabled":true},"in2DMode":false,"pivot":{"x":-0.13059496879577638,"y":0.9351277351379395,"z":-3.3743784427642824},"rotation":{"x":-0.10231153666973114,"y":0.7883148789405823,"z":-0.13636501133441926,"w":-0.5912492275238037},"size":0.8660253882408142,"orthographic":false}